Workbook

Sheet HoaDon
A1: ma_hd | B1: ngay_ban | C1: ma_sach | D1: so_quyen | E1: ten_sach | F1: gia_ban | G1: thanh_tien
A2: HD001 | B2: 2025-10-01 | C2: S05 | D2: 4 | E2: =VLOOKUP(C2,Sach!$A$1:$C$8,2,0) -> Tieng Anh cho IT | F2: =VLOOKUP(C2,Sach!$A$1:$C$8,3,0) -> 75000 | G2: =D2*F2 -> 300000
A3: HD002 | B3: 2025-10-02 | C3: S02 | D3: 3 | E3: =VLOOKUP(C3,Sach!$A$1:$C$8,2,0) -> Tin hoc van phong | F3: =VLOOKUP(C3,Sach!$A$1:$C$8,3,0) -> 85000 | G3: =D3*F3 -> 255000
A4: HD003 | B4: 2025-10-03 | C4: T02 | D4: 2 | E4: =VLOOKUP(C4,Sach!$A$1:$C$8,2,0) -> Tieu thuyet trinh tham | F4: =VLOOKUP(C4,Sach!$A$1:$C$8,3,0) -> 90000 | G4: =D4*F4 -> 180000
A5: HD004 | B5: 2025-10-04 | C5: S05 | D5: 1 | E5: =VLOOKUP(C5,Sach!$A$1:$C$8,2,0) -> Tieng Anh cho IT | F5: =VLOOKUP(C5,Sach!$A$1:$C$8,3,0) -> 75000 | G5: =D5*F5 -> 75000
A6: HD005 | B6: 2025-10-05 | C6: S04 | D6: 2 | E6: =VLOOKUP(C6,Sach!$A$1:$C$8,2,0) -> Toan roi rac | F6: =VLOOKUP(C6,Sach!$A$1:$C$8,3,0) -> 110000 | G6: =D6*F6 -> 220000
A7: HD006 | B7: 2025-10-06 | C7: S01 | D7: 4 | E7: =VLOOKUP(C7,Sach!$A$1:$C$8,2,0) -> Lap trinh Python co ban | F7: =VLOOKUP(C7,Sach!$A$1:$C$8,3,0) -> 120000 | G7: =D7*F7 -> 480000
A8: HD007 | B8: 2025-10-07 | C8: T01 | D8: 2 | E8: =VLOOKUP(C8,Sach!$A$1:$C$8,2,0) -> Truyen ngan tuyen chon | F8: =VLOOKUP(C8,Sach!$A$1:$C$8,3,0) -> 60000 | G8: =D8*F8 -> 120000
A9: HD008 | B9: 2025-10-08 | C9: S05 | D9: 5 | E9: =VLOOKUP(C9,Sach!$A$1:$C$8,2,0) -> Tieng Anh cho IT | F9: =VLOOKUP(C9,Sach!$A$1:$C$8,3,0) -> 75000 | G9: =D9*F9 -> 375000
A10: HD009 | B10: 2025-10-09 | C10: S01 | D10: 1 | E10: =VLOOKUP(C10,Sach!$A$1:$C$8,2,0) -> Lap trinh Python co ban | F10: =VLOOKUP(C10,Sach!$A$1:$C$8,3,0) -> 120000 | G10: =D10*F10 -> 120000
A11: HD010 | B11: 2025-10-10 | C11: S03 | D11: 1 | E11: =VLOOKUP(C11,Sach!$A$1:$C$8,2,0) -> Mang may tinh nhap mon | F11: =VLOOKUP(C11,Sach!$A$1:$C$8,3,0) -> 95000 | G11: =D11*F11 -> 95000
A12: HD011 | B12: 2025-10-11 | C12: T01 | D12: 3 | E12: =VLOOKUP(C12,Sach!$A$1:$C$8,2,0) -> Truyen ngan tuyen chon | F12: =VLOOKUP(C12,Sach!$A$1:$C$8,3,0) -> 60000 | G12: =D12*F12 -> 180000
A13: HD012 | B13: 2025-10-12 | C13: S01 | D13: 5 | E13: =VLOOKUP(C13,Sach!$A$1:$C$8,2,0) -> Lap trinh Python co ban | F13: =VLOOKUP(C13,Sach!$A$1:$C$8,3,0) -> 120000 | G13: =D13*F13 -> 600000
... A16: HD015 | B16: 2025-10-15 | C16: S02 | D16: 5 | E16: =VLOOKUP(C16,Sach!$A$1:$C$8,2,0) -> Tin hoc van phong | F16: =VLOOKUP(C16,Sach!$A$1:$C$8,3,0) -> 85000 | G16: =D16*F16 -> 425000

Sheet Sach
A1: ma_sach | B1: ten_sach | C1: gia_ban
A2: S01 | B2: Lap trinh Python co ban | C2: 120000
A3: S02 | B3: Tin hoc van phong | C3: 85000
A4: S03 | B4: Mang may tinh nhap mon | C4: 95000
A5: S04 | B5: Toan roi rac | C5: 110000
A6: S05 | B6: Tieng Anh cho IT | C6: 75000
A7: T01 | B7: Truyen ngan tuyen chon | C7: 60000
A8: T02 | B8: Tieu thuyet trinh tham | C8: 90000
